Account Code,Account Name,Account Type,Contra Code,Starting Balance,Parent Account Code
1000,Assets,Asset,,94000,
1010,Current Assets,Asset,,64000,1000
1011,Operating Cash Account,Asset,,25000,1010
1012,Savings Account,Asset,,10000,1010
1020,Accounts Receivable,Asset,,20000,1010
1025,Allowance for Doubtful Accounts,Asset,1020,-1000,1010
1030,Prepaid Expenses,Asset,,5000,1010
1040,Unbilled Receivables - Services WIP,Asset,,5000,1010
1500,Non-Current Assets,Asset,,30000,1000
1510,Computer Equipment,Asset,,15000,1500
1515,Accumulated Depreciation - Computers,Asset,1510,-3000,1500
1520,Servers - Hosting,Asset,,10000,1500
1525,Accumulated Depreciation - Servers,Asset,1520,-2000,1500
1530,Furniture & Fixtures,Asset,,5000,1500
1535,Accumulated Depreciation - Furniture,Asset,1530,-1000,1500
1550,Capitalized Software Development Costs,Asset,,5000,1500
1555,Accumulated Amortization - Software,Asset,1550,-1000,1500
1560,Security Deposits,Asset,,2000,1500
2000,Liabilities,Liability,,34500,
2010,Current Liabilities,Liability,,20000,2000
2011,Accounts Payable,Liability,,8000,2010
2020,Accrued Expenses,Liability,,2000,2010
2030,Deferred SaaS Revenue,Liability,,7000,2010
2040,Sales Tax Payable,Liability,,1000,2010
2050,Short-Term Loans Payable,Liability,,2000,2010
2500,Non-Current Liabilities,Liability,,14500,2000
2510,Long-Term Debt,Liability,,5000,2500
2520,Bonds Payable,Liability,,10000,2500
2525,Discount on Bonds Payable,Liability,2520,-500,2500
3000,Equity,Equity,,59500,
3010,Common Stock,Equity,,50000,3000
3020,Additional Paid-in Capital,Equity,,0,3000
3030,Retained Earnings,Equity,,11500,3000
3100,Treasury Stock,Equity,,-2000,3000
3200,Owner's Draws,Equity,,0,3000
3900,Current Year Earnings,Equity,,0,3000
4000,Income,Income,,0,
4010,SaaS Revenue,Income,,0,4000
4011,SaaS Subscription Fees,Income,,0,4010
4012,SaaS Setup-Implementation Fees,Income,,0,4010
4020,Services Revenue,Income,,0,4000
4021,Consulting Services Revenue,Income,,0,4020
4022,Project Implementation Revenue,Income,,0,4020
4023,Training Revenue,Income,,0,4020
4090,Other Income,Income,,0,4000
4091,Interest Income,Income,,0,4090
4110,Sales Returns and Allowances,Income,4010,0,4000
4120,Sales Discounts,Income,4010,0,4000
5000,Cost of Revenue,Expense,,0,
5010,Cost of SaaS Revenue,Expense,,0,5000
5011,Hosting Costs,Expense,,0,5010
5012,Third-Party Software Fees,Expense,,0,5010
5013,Customer Support Salaries - Direct,Expense,,0,5010
5014,Amortization of Capitalized Software,Expense,,0,5010
5020,Cost of Services Revenue,Expense,,0,5000
5021,Direct Labor - Services,Expense,,0,5020
5022,Subcontractor Costs - Services,Expense,,0,5020
6000,Operating Expenses,Expense,,0,
6100,Sales & Marketing Expenses,Expense,,0,6000
6110,Salaries & Wages - Sales,Expense,,0,6100
6120,Commissions,Expense,,0,6100
6130,Advertising & Promotion,Expense,,0,6100
6140,Travel & Entertainment - Sales,Expense,,0,6100
6150,Marketing Software & Tools,Expense,,0,6100
7000,Research & Development Expenses,Expense,,0,6000
7110,Salaries & Wages - R&D,Expense,,0,7000
7120,R&D Software & Tools,Expense,,0,7000
7130,Prototype & Testing Costs,Expense,,0,7000
8000,General & Administrative Expenses,Expense,,0,6000
8110,Salaries & Wages - G&A,Expense,,0,8000
8120,Rent Expense,Expense,,0,8000
8130,Utilities,Expense,,0,8000
8140,Office Supplies,Expense,,0,8000
8150,Insurance,Expense,,0,8000
8160,Professional Fees - Legal and Accounting,Expense,,0,8000
8170,Bank Fees & Charges,Expense,,0,8000
8180,Depreciation Expense - General,Expense,,0,8000
8190,Travel & Entertainment - G&A,Expense,,0,8000
9000,Other Expenses,Expense,,0,
9010,Interest Expense,Expense,,0,9000
9020,Income Tax Expense,Expense,,0,9000